{
    "Ar36": {
        "error": 0.0004929647726687081, 
        "filter_outliers_dict": {
            "filter_outliers": true, 
            "iterations": 1, 
            "std_devs": 2
        }, 
        "fit": "Linear", 
        "value": 0.00640138806416919
    }, 
    "Ar37": {
        "error": 0.0224687909420289, 
        "filter_outliers_dict": {
            "filter_outliers": true, 
            "iterations": 1, 
            "std_devs": 2
        }, 
        "fit": "linear", 
        "value": 0.1910112543853842
    }, 
    "Ar38": {
        "error": 0.008366297130060221, 
        "filter_outliers_dict": {
            "filter_outliers": true, 
            "iterations": 1, 
            "std_devs": 2
        }, 
        "fit": "linear", 
        "value": -0.0022983757774881442
    }, 
    "Ar39": {
        "error": 0.025976182998234627, 
        "filter_outliers_dict": {
            "filter_outliers": true, 
            "iterations": 1, 
            "std_devs": 2
        }, 
        "fit": "Linear", 
        "value": 0.09060259105288732
    }, 
    "Ar40": {
        "error": 0.014105225749798493, 
        "filter_outliers_dict": {
            "filter_outliers": true, 
            "iterations": 1, 
            "std_devs": 2
        }, 
        "fit": "Linear", 
        "value": 1.9737031473426447
    }, 
    "Ar41": {
        "error": 0.004306407165455069, 
        "filter_outliers_dict": {
            "filter_outliers": true, 
            "iterations": 1, 
            "std_devs": 2
        }, 
        "fit": "Average", 
        "value": 0.10896611598763316
    }
}