{
    "AX": {
        "error": 0.003793348325535968, 
        "filter_outliers_dict": {
            "filter_outliers": true, 
            "iterations": 1, 
            "std_devs": 2
        }, 
        "fit": "average", 
        "value": 0.03530575659649334
    }, 
    "CDD": {
        "error": 6.433879455103843e-06, 
        "filter_outliers_dict": {
            "filter_outliers": true, 
            "iterations": 1, 
            "std_devs": 10
        }, 
        "fit": "average", 
        "value": 1.5012385395242298e-05
    }, 
    "H1": {
        "error": 0.0050588284202301055, 
        "filter_outliers_dict": {
            "filter_outliers": true, 
            "iterations": 1, 
            "std_devs": 2
        }, 
        "fit": "average", 
        "value": -0.0362588342034367
    }, 
    "H2": {
        "error": 0.0059987502387679964, 
        "filter_outliers_dict": {
            "filter_outliers": true, 
            "iterations": 1, 
            "std_devs": 2
        }, 
        "fit": "average", 
        "value": 0.06672920130797909
    }, 
    "L1": {
        "error": 0.0023259621596406366, 
        "filter_outliers_dict": {
            "filter_outliers": true, 
            "iterations": 1, 
            "std_devs": 2
        }, 
        "fit": "average", 
        "value": -0.007322611471268991
    }, 
    "L2": {
        "error": 0.006206137301568741, 
        "filter_outliers_dict": {
            "filter_outliers": true, 
            "iterations": 1, 
            "std_devs": 2
        }, 
        "fit": "average", 
        "value": 0.1349154846333102
    }
}